,src_a1,src_a2,src_a3,src_a4,dst_a1,dst_a2,dst_a3,dst_a4,col_8,col_9,col_10,col_11,col_12,id,col_14,time,col_16,src_ip,dst_ip
0,199,216,83,83,75,42,215,167,128,128,6,0,200,0,2,1521118773.289504,32,199.216.83.83,75.42.215.167
1,197,42,215,48,64,246,215,119,32,128,6,0,200,0,2,1521118773.289504,32,197.42.215.48,64.246.215.119
2,33,42,215,74,75,42,215,167,532,128,6,0,200,0,2,1521118773.289504,32,33.42.215.74,75.42.215.167
3,33,42,215,74,64,246,215,119,532,128,6,0,200,0,2,1521118773.289504,32,33.42.215.74,64.246.215.119
4,64,246,215,119,75,42,215,167,128,128,6,0,200,0,2,1521118773.289504,32,64.246.215.119,75.42.215.167
5,64,246,215,119,198,246,240,78,128,128,6,0,200,0,2,1521118773.289504,32,64.246.215.119,198.246.240.78
6,64,246,215,119,44,246,215,83,128,114,6,0,200,0,2,1521118773.289504,32,64.246.215.119,44.246.215.83
7,135,42,215,83,218,63,155,218,128,32,17,0,200,0,2,1521118773.289504,32,135.42.215.83,218.63.155.218
8,205,246,82,83,237,246,73,97,255,128,6,0,200,0,2,1521118773.289504,32,205.246.82.83,237.246.73.97
9,218,63,155,218,135,42,215,83,32,128,6,0,200,0,2,1521118773.289504,32,218.63.155.218,135.42.215.83
10,119,216,5,47,7,246,215,119,32,128,6,0,200,0,2,1521118773.289504,32,119.216.5.47,7.246.215.119
11,116,3,215,64,205,42,215,48,32,32,17,0,200,0,2,1521118773.289504,32,116.3.215.64,205.42.215.48
12,116,3,215,64,119,216,5,47,32,32,17,0,200,0,2,1521118773.289504,32,116.3.215.64,119.216.5.47
13,116,3,215,64,218,246,155,64,32,128,6,0,200,0,2,1521118773.289504,32,116.3.215.64,218.246.155.64
14,218,246,155,64,205,42,215,48,128,32,6,0,200,0,2,1521118773.289504,32,218.246.155.64,205.42.215.48
15,218,246,155,64,7,246,215,119,128,128,6,0,200,0,2,1521118773.289504,32,218.246.155.64,7.246.215.119
16,218,246,155,64,50,246,215,103,128,128,6,0,200,0,2,1521118773.289504,32,218.246.155.64,50.246.215.103
17,50,246,215,103,116,43,173,77,128,32,17,0,200,0,2,1521118773.289504,32,50.246.215.103,116.43.173.77
18,207,42,73,188,237,214,73,83,32,32,6,0,200,0,2,1521118773.289504,32,207.42.73.188,237.214.73.83
19,207,42,73,188,91,29,215,24,32,128,6,0,200,0,2,1521118773.289504,32,207.42.73.188,91.29.215.24
20,44,42,155,204,237,214,73,83,32,32,6,0,200,0,2,1521118773.289504,32,44.42.155.204,237.214.73.83
21,50,225,243,48,44,246,7,83,32,32,6,0,200,0,2,1521118773.289504,32,50.225.243.48,44.246.7.83
22,50,225,243,48,44,246,152,83,32,32,6,0,200,0,2,1521118773.289504,32,50.225.243.48,44.246.152.83
23,64,216,73,83,91,29,215,24,32,128,6,0,200,0,2,1521118773.289504,32,64.216.73.83,91.29.215.24
24,116,216,215,83,44,246,152,83,128,32,6,0,200,0,2,1521118773.289504,32,116.216.215.83,44.246.152.83
25,198,246,215,162,218,42,202,149,131,519,6,0,200,0,2,1521118773.289504,32,198.246.215.162,218.42.202.149
26,93,246,215,158,50,185,73,48,449,128,6,0,200,0,2,1521118773.289504,32,93.246.215.158,50.185.73.48
27,116,225,215,146,237,42,243,202,32,32,6,0,200,0,2,1521118773.289504,32,116.225.215.146,237.42.243.202
28,50,185,73,48,124,177,73,252,128,32,6,0,200,0,2,1521118773.289504,32,50.185.73.48,124.177.73.252
29,138,91,215,64,30,246,215,83,128,134,6,0,200,0,2,1521118773.289504,32,138.91.215.64,30.246.215.83
30,138,91,215,64,124,177,73,252,128,32,6,0,200,0,2,1521118773.289504,32,138.91.215.64,124.177.73.252
31,202,246,215,48,119,42,155,106,32,128,6,0,200,0,2,1521118773.289504,32,202.246.215.48,119.42.155.106
32,215,246,215,97,119,42,155,106,128,128,6,0,200,0,2,1521118773.289504,32,215.246.215.97,119.42.155.106
33,102,246,215,162,205,216,38,83,128,527,6,0,200,0,2,1521118773.289504,32,102.246.215.162,205.216.38.83
34,119,42,155,106,205,216,38,83,128,527,6,0,200,0,2,1521118773.289504,32,119.42.155.106,205.216.38.83
35,97,37,215,48,200,211,73,97,128,128,6,0,200,0,2,1521118773.289504,32,97.37.215.48,200.211.73.97
36,44,246,69,83,30,169,215,48,32,32,6,0,200,0,2,1521118773.289504,32,44.246.69.83,30.169.215.48
37,30,169,215,48,44,246,69,83,32,32,6,0,200,0,2,1521118773.289504,32,30.169.215.48,44.246.69.83
38,33,42,215,83,116,1,215,83,32,32,6,0,200,0,2,1521118773.289504,32,33.42.215.83,116.1.215.83
39,33,5,215,48,116,255,215,255,128,128,6,0,200,0,2,1521118773.289504,32,33.5.215.48,116.255.215.255
40,44,246,73,64,47,216,73,48,128,128,6,0,200,0,2,1521118773.289504,32,44.246.73.64,47.216.73.48
41,44,246,73,64,213,42,215,97,128,128,6,0,200,0,2,1521118773.289504,32,44.246.73.64,213.42.215.97
42,64,42,215,149,33,5,215,48,128,128,6,0,200,0,2,1521118773.289504,32,64.42.215.149,33.5.215.48
43,237,225,122,83,200,166,203,48,128,32,6,0,200,0,2,1521118773.289504,32,237.225.122.83,200.166.203.48
44,50,246,122,48,213,246,154,83,32,128,6,0,200,0,2,1521118773.289504,32,50.246.122.48,213.246.154.83
45,50,246,122,48,116,246,215,181,32,32,6,0,200,0,2,1521118773.289504,32,50.246.122.48,116.246.215.181
46,116,225,73,83,119,216,73,48,128,128,6,0,200,0,2,1521118773.289504,32,116.225.73.83,119.216.73.48
47,213,246,154,83,119,216,73,48,128,128,6,0,200,0,2,1521118773.289504,32,213.246.154.83,119.216.73.48
48,213,246,154,83,116,246,215,48,128,32,6,0,200,0,2,1521118773.289504,32,213.246.154.83,116.246.215.48
49,213,246,154,83,30,225,161,103,128,131,6,0,200,0,2,1521118773.289504,32,213.246.154.83,30.225.161.103
50,119,216,73,48,213,246,154,83,128,128,6,0,200,0,2,1521118773.289504,32,119.216.73.48,213.246.154.83
51,30,225,161,103,218,222,173,48,131,32,6,0,200,0,2,1521118773.289504,32,30.225.161.103,218.222.173.48
52,44,42,30,78,116,246,215,48,32,32,6,0,200,0,2,1521118773.289504,32,44.42.30.78,116.246.215.48
53,44,42,30,78,218,222,38,97,32,128,6,0,200,0,2,1521118773.289504,32,44.42.30.78,218.222.38.97
54,205,225,69,48,116,246,215,48,32,32,6,0,200,0,2,1521118773.289504,32,205.225.69.48,116.246.215.48
55,116,216,161,114,40,169,111,107,32,128,6,0,200,0,2,1521118773.289504,32,116.216.161.114,40.169.111.107
56,116,216,161,114,202,246,248,48,32,128,17,0,200,0,2,1521118773.289504,32,116.216.161.114,202.246.248.48
57,33,246,215,48,40,169,111,107,32,128,6,0,200,0,2,1521118773.289504,32,33.246.215.48,40.169.111.107
58,218,65,215,101,50,246,73,48,32,128,6,0,200,0,2,1521118773.289504,32,218.65.215.101,50.246.73.48
59,218,65,215,101,16,225,82,48,32,32,6,0,200,0,2,1521118773.289504,32,218.65.215.101,16.225.82.48
60,218,65,215,101,205,27,73,48,32,32,6,0,200,0,2,1521118773.289504,32,218.65.215.101,205.27.73.48
61,44,224,90,74,215,42,155,48,128,128,6,0,200,0,2,1521118773.289504,32,44.224.90.74,215.42.155.48
62,116,246,215,48,202,216,73,48,128,32,6,0,200,0,2,1521118773.289504,32,116.246.215.48,202.216.73.48
63,202,216,73,48,155,246,122,83,32,128,6,0,200,0,2,1521118773.289504,32,202.216.73.48,155.246.122.83
64,116,5,215,48,44,225,180,24,32,32,6,0,200,0,2,1521118773.289504,32,116.5.215.48,44.225.180.24
65,92,7,54,107,199,246,215,78,128,184,6,0,200,0,2,1521118773.289504,32,92.7.54.107,199.246.215.78
66,139,246,173,174,116,5,215,48,131,32,6,0,200,0,2,1521118773.289504,32,139.246.173.174,116.5.215.48
67,205,42,33,48,44,225,180,24,128,32,17,0,200,0,2,1521118773.289504,32,205.42.33.48,44.225.180.24
68,199,246,215,78,199,246,69,78,184,32,6,0,200,0,2,1521118773.289504,32,199.246.215.78,199.246.69.78
69,44,246,243,83,44,216,90,24,32,32,17,0,200,0,2,1521118773.289504,32,44.246.243.83,44.216.90.24
70,116,42,83,97,205,246,73,48,128,128,6,0,200,0,2,1521118773.289504,32,116.42.83.97,205.246.73.48
71,47,42,215,83,33,42,94,151,128,32,6,0,200,0,2,1521118773.289504,32,47.42.215.83,33.42.94.151
72,33,246,243,172,116,246,243,103,131,32,6,0,200,0,2,1521118773.289504,32,33.246.243.172,116.246.243.103
73,116,246,243,103,33,216,34,83,32,32,6,0,200,0,2,1521118773.289504,32,116.246.243.103,33.216.34.83
74,116,246,243,83,44,183,215,83,128,128,6,0,200,0,2,1521118773.289504,32,116.246.243.83,44.183.215.83
75,193,246,215,83,116,41,215,97,128,128,6,0,200,0,2,1521118773.289504,32,193.246.215.83,116.41.215.97
76,193,246,215,83,116,41,215,97,128,128,6,0,200,0,2,1521118773.289504,32,193.246.215.83,116.41.215.97
77,238,246,215,103,205,5,243,101,32,128,6,0,200,0,2,1521118773.289504,32,238.246.215.103,205.5.243.101
78,218,246,202,141,205,5,243,101,128,128,6,0,200,0,2,1521118773.289504,32,218.246.202.141,205.5.243.101
79,194,246,155,83,237,216,215,48,128,128,6,0,200,0,2,1521118773.289504,32,194.246.155.83,237.216.215.48
80,205,216,155,24,218,246,202,141,32,128,6,0,200,0,2,1521118773.289504,32,205.216.155.24,218.246.202.141
81,192,216,215,24,205,216,155,24,128,32,6,0,200,0,2,1521118773.289504,32,192.216.215.24,205.216.155.24
82,116,246,77,48,202,225,69,97,32,128,6,0,200,0,2,1521118773.289504,32,116.246.77.48,202.225.69.97
83,116,14,215,64,215,42,90,97,128,32,6,0,200,0,2,1521118773.289504,32,116.14.215.64,215.42.90.97
84,218,246,215,139,218,216,215,45,128,32,6,0,200,0,2,1521118773.289504,32,218.246.215.139,218.216.215.45
85,218,216,215,45,116,14,215,64,32,128,6,0,200,0,2,1521118773.289504,32,218.216.215.45,116.14.215.64
86,50,224,90,148,116,14,215,64,32,128,6,0,200,0,2,1521118773.289504,32,50.224.90.148,116.14.215.64
87,210,42,215,219,33,175,53,237,32,32,6,0,200,0,2,1521118773.289504,32,210.42.215.219,33.175.53.237
88,116,5,180,48,44,33,215,64,128,128,6,0,200,0,2,1521118773.289504,32,116.5.180.48,44.33.215.64
89,116,5,180,48,116,246,73,48,128,128,6,0,200,0,2,1521118773.289504,32,116.5.180.48,116.246.73.48
90,21,42,215,48,215,246,229,22,128,32,6,0,200,0,2,1521118773.289504,32,21.42.215.48,215.246.229.22
91,199,216,215,103,141,200,155,48,128,32,6,0,200,0,2,1521118773.289504,32,199.216.215.103,141.200.155.48
92,116,5,73,107,210,222,73,181,128,311,6,0,200,0,2,1521118773.289504,32,116.5.73.107,210.222.73.181
93,116,5,73,107,196,132,206,67,128,32,6,0,200,0,2,1521118773.289504,32,116.5.73.107,196.132.206.67
94,196,132,206,67,237,42,215,48,32,32,17,0,200,0,2,1521118773.289504,32,196.132.206.67,237.42.215.48
95,16,246,243,83,47,246,215,83,32,128,6,0,200,0,2,1521118773.289504,32,16.246.243.83,47.246.215.83
96,205,216,73,83,16,246,243,83,32,32,6,0,200,0,2,1521118773.289504,32,205.216.73.83,16.246.243.83
97,126,246,215,246,44,246,215,169,128,128,6,0,200,0,2,1521118773.289504,32,126.246.215.246,44.246.215.169
98,126,246,215,246,205,231,90,64,128,128,6,0,200,0,2,1521118773.289504,32,126.246.215.246,205.231.90.64
99,205,231,90,64,135,79,69,74,128,32,6,0,200,0,2,1521118773.289504,32,205.231.90.64,135.79.69.74
100,237,14,215,69,135,79,69,74,128,32,6,0,200,0,2,1521118773.289504,32,237.14.215.69,135.79.69.74
101,194,42,73,48,149,254,243,134,32,32,17,0,200,0,2,1521118773.289504,32,194.42.73.48,149.254.243.134
102,194,42,73,48,131,42,193,83,32,128,17,0,200,0,2,1521118773.289504,32,194.42.73.48,131.42.193.83
103,131,42,193,83,33,42,34,219,128,128,6,0,200,0,2,1521118773.289504,32,131.42.193.83,33.42.34.219
104,73,5,73,48,205,42,155,83,128,128,6,0,200,0,2,1521118773.289504,32,73.5.73.48,205.42.155.83
105,240,246,243,529,205,216,215,83,128,128,6,0,200,0,2,1521118773.289504,32,240.246.243.529,205.216.215.83
106,237,216,215,103,240,246,243,529,128,128,6,0,200,0,2,1521118773.289504,32,237.216.215.103,240.246.243.529
107,215,216,73,48,197,216,215,61,32,128,6,0,200,0,2,1521118773.289504,32,215.216.73.48,197.216.215.61
108,244,42,73,64,64,225,215,83,128,459,17,0,200,0,2,1521118773.289504,32,244.42.73.64,64.225.215.83
109,237,200,206,48,134,246,215,64,128,128,6,0,200,0,2,1521118773.289504,32,237.200.206.48,134.246.215.64
110,205,246,243,246,33,246,73,246,32,32,6,0,200,0,2,1521118773.289504,32,205.246.243.246,33.246.73.246
111,244,246,212,193,138,216,243,246,32,32,6,0,200,0,2,1521118773.289504,32,244.246.212.193,138.216.243.246
112,237,216,243,83,50,91,215,48,32,32,17,0,200,0,2,1521118773.289504,32,237.216.243.83,50.91.215.48
113,50,91,215,48,237,216,243,83,32,32,6,0,200,0,2,1521118773.289504,32,50.91.215.48,237.216.243.83
114,238,42,243,74,244,246,107,126,32,32,6,0,200,0,2,1521118773.289504,32,238.42.243.74,244.246.107.126
115,193,224,255,48,33,176,73,47,131,128,6,0,200,0,2,1521118773.289504,32,193.224.255.48,33.176.73.47
116,244,246,107,126,238,42,243,74,32,32,6,0,200,0,2,1521118773.289504,32,244.246.107.126,238.42.243.74
117,244,246,107,126,33,176,73,47,32,128,6,0,200,0,2,1521118773.289504,32,244.246.107.126,33.176.73.47
118,207,216,215,64,47,246,171,162,128,32,6,0,200,0,2,1521118773.289504,32,207.216.215.64,47.246.171.162
119,140,246,91,83,33,246,243,103,32,32,6,0,200,0,2,1521118773.289504,32,140.246.91.83,33.246.243.103
120,34,246,25,177,194,211,215,160,519,32,6,0,200,0,2,1521118773.289504,32,34.246.25.177,194.211.215.160
121,194,211,215,160,44,246,243,139,32,128,6,0,200,0,2,1521118773.289504,32,194.211.215.160,44.246.243.139
122,207,42,215,246,207,42,73,77,128,32,6,0,200,0,2,1521118773.289504,32,207.42.215.246,207.42.73.77
123,244,42,73,48,207,42,215,246,32,128,6,0,200,0,2,1521118773.289504,32,244.42.73.48,207.42.215.246
124,244,42,73,48,44,224,215,103,32,128,6,0,200,0,2,1521118773.289504,32,244.42.73.48,44.224.215.103
125,218,42,73,48,223,216,73,24,131,32,6,0,200,0,2,1521118773.289504,32,218.42.73.48,223.216.73.24
126,237,246,30,83,194,246,215,83,32,128,6,0,200,0,2,1521118773.289504,32,237.246.30.83,194.246.215.83
127,116,216,215,107,64,228,73,103,128,32,6,0,200,0,2,1521118773.289504,32,116.216.215.107,64.228.73.103
128,116,246,215,108,116,246,107,118,32,519,6,0,200,0,2,1521118773.289504,32,116.246.215.108,116.246.107.118
129,33,225,172,48,116,42,100,24,128,32,6,0,200,0,2,1521118773.289504,32,33.225.172.48,116.42.100.24
130,251,161,122,244,116,246,215,64,131,131,6,0,200,0,2,1521118773.289504,32,251.161.122.244,116.246.215.64
131,251,161,122,244,44,246,215,103,131,519,6,0,200,0,2,1521118773.289504,32,251.161.122.244,44.246.215.103
132,194,42,215,48,116,246,215,64,128,131,6,0,200,0,2,1521118773.289504,32,194.42.215.48,116.246.215.64
133,231,45,126,103,44,42,215,48,32,128,6,0,200,0,2,1521118773.289504,32,231.45.126.103,44.42.215.48
134,231,246,73,149,126,246,73,103,527,32,6,0,200,0,2,1521118773.289504,32,231.246.73.149,126.246.73.103
135,126,246,73,103,44,246,38,24,32,128,6,0,200,0,2,1521118773.289504,32,126.246.73.103,44.246.38.24
136,126,246,73,103,116,246,122,162,32,128,6,0,200,0,2,1521118773.289504,32,126.246.73.103,116.246.122.162
137,126,246,73,103,116,246,122,162,32,128,6,0,200,0,2,1521118773.289504,32,126.246.73.103,116.246.122.162
138,44,42,215,48,194,42,215,48,128,128,6,0,200,0,2,1521118773.289504,32,44.42.215.48,194.42.215.48
139,44,42,215,48,194,42,215,48,128,128,6,0,200,0,2,1521118773.289504,32,44.42.215.48,194.42.215.48
140,44,42,215,48,231,45,126,103,128,32,6,0,200,0,2,1521118773.289504,32,44.42.215.48,231.45.126.103
141,199,42,99,162,62,246,243,64,128,128,6,0,200,0,2,1521118773.289504,32,199.42.99.162,62.246.243.64
142,62,246,243,64,199,216,215,158,128,128,6,0,200,0,2,1521118773.289504,32,62.246.243.64,199.216.215.158
143,116,216,215,83,116,61,38,246,128,128,6,0,200,0,2,1521118773.289504,32,116.216.215.83,116.61.38.246
144,207,225,215,83,122,5,38,162,527,325,6,0,200,0,2,1521118773.289504,32,207.225.215.83,122.5.38.162
145,116,246,215,85,207,225,215,83,128,527,6,0,200,0,2,1521118773.289504,32,116.246.215.85,207.225.215.83
146,33,246,161,83,42,216,215,48,32,128,6,0,200,0,2,1521118773.289504,32,33.246.161.83,42.216.215.48
147,116,192,215,48,64,31,73,97,131,32,6,0,200,0,2,1521118773.289504,32,116.192.215.48,64.31.73.97
148,116,216,215,48,238,42,122,48,32,128,6,0,200,0,2,1521118773.289504,32,116.216.215.48,238.42.122.48
149,131,224,215,48,116,216,215,48,128,32,6,0,200,0,2,1521118773.289504,32,131.224.215.48,116.216.215.48
150,64,31,73,97,116,192,215,48,32,131,6,0,200,0,2,1521118773.289504,32,64.31.73.97,116.192.215.48
151,64,31,73,97,131,224,215,48,32,128,6,0,200,0,2,1521118773.289504,32,64.31.73.97,131.224.215.48
152,205,183,243,78,199,216,138,64,128,456,6,0,200,0,2,1521118773.289504,32,205.183.243.78,199.216.138.64
153,139,3,38,74,140,42,80,162,32,32,6,0,200,0,2,1521118773.289504,32,139.3.38.74,140.42.80.162
154,139,3,38,74,116,42,69,83,32,32,6,0,200,0,2,1521118773.289504,32,139.3.38.74,116.42.69.83
155,199,335,243,48,13,246,38,59,128,32,17,0,200,0,2,1521118773.289504,32,199.335.243.48,13.246.38.59
156,13,246,38,59,139,3,38,74,32,32,17,0,200,0,2,1521118773.289504,32,13.246.38.59,139.3.38.74
157,237,246,215,47,116,200,215,171,128,128,6,0,200,0,2,1521118773.289504,32,237.246.215.47,116.200.215.171
158,116,42,211,83,194,200,17,48,128,32,6,0,200,0,2,1521118773.289504,32,116.42.211.83,194.200.17.48
159,249,246,73,82,16,216,215,162,32,32,6,0,200,0,2,1521118773.289504,32,249.246.73.82,16.216.215.162
160,116,200,215,171,116,42,211,83,128,128,6,0,200,0,2,1521118773.289504,32,116.200.215.171,116.42.211.83
161,205,42,215,246,16,225,73,97,32,128,17,0,200,0,2,1521118773.289504,32,205.42.215.246,16.225.73.97
162,33,246,215,246,124,246,243,97,128,128,6,0,200,0,2,1521118773.289504,32,33.246.215.246,124.246.243.97
163,116,246,73,114,215,43,161,181,128,32,6,0,200,0,2,1521118773.289504,32,116.246.73.114,215.43.161.181
164,247,42,167,83,33,225,227,162,128,32,6,0,200,0,2,1521118773.289504,32,247.42.167.83,33.225.227.162
165,33,200,155,83,33,211,255,74,128,32,6,0,200,0,2,1521118773.289504,32,33.200.155.83,33.211.255.74
166,197,225,215,48,116,246,73,114,32,128,6,0,200,0,2,1521118773.289504,32,197.225.215.48,116.246.73.114
167,47,246,215,94,116,42,161,48,128,128,6,0,200,0,2,1521118773.289504,32,47.246.215.94,116.42.161.48
168,33,216,215,83,116,216,215,103,32,128,6,0,200,0,2,1521118773.289504,32,33.216.215.83,116.216.215.103
169,215,169,73,83,47,246,215,94,128,128,6,0,200,0,2,1521118773.289504,32,215.169.73.83,47.246.215.94
170,152,246,68,103,218,216,243,134,128,128,17,0,200,0,2,1521118773.289504,32,152.246.68.103,218.216.243.134
171,198,5,158,246,223,216,243,82,131,131,6,0,200,0,2,1521118773.289504,32,198.5.158.246,223.216.243.82
172,223,216,243,82,116,216,215,103,131,128,6,0,200,0,2,1521118773.289504,32,223.216.243.82,116.216.215.103
173,218,216,243,134,215,169,73,83,128,128,6,0,200,0,2,1521118773.289504,32,218.216.243.134,215.169.73.83
174,116,216,215,103,198,5,158,246,128,131,6,0,200,0,2,1521118773.289504,32,116.216.215.103,198.5.158.246
175,116,216,215,103,119,246,243,83,128,325,6,0,200,0,2,1521118773.289504,32,116.216.215.103,119.246.243.83
176,30,246,73,95,44,42,73,83,32,131,6,0,200,0,2,1521118773.289504,32,30.246.73.95,44.42.73.83
177,218,216,184,83,202,225,215,181,128,128,6,0,200,0,2,1521118773.289504,32,218.216.184.83,202.225.215.181
178,159,246,122,24,93,216,122,83,128,128,6,0,200,0,2,1521118773.289504,32,159.246.122.24,93.216.122.83
179,67,246,215,68,30,246,73,95,128,32,6,0,200,0,2,1521118773.289504,32,67.246.215.68,30.246.73.95
180,116,42,215,103,251,216,215,99,325,128,6,0,200,0,2,1521118773.289504,32,116.42.215.103,251.216.215.99
181,207,168,215,232,205,43,73,99,128,128,6,0,200,0,2,1521118773.289504,32,207.168.215.232,205.43.73.99
182,207,168,215,232,126,211,73,64,128,32,6,0,200,0,2,1521118773.289504,32,207.168.215.232,126.211.73.64
183,119,246,73,83,207,168,215,232,128,128,17,0,200,0,2,1521118773.289504,32,119.246.73.83,207.168.215.232
184,119,246,73,83,116,246,102,103,128,32,6,0,200,0,2,1521118773.289504,32,119.246.73.83,116.246.102.103
185,33,216,73,69,116,42,215,103,128,325,6,0,200,0,2,1521118773.289504,32,33.216.73.69,116.42.215.103
186,126,211,73,64,33,216,73,69,32,128,6,0,200,0,2,1521118773.289504,32,126.211.73.64,33.216.73.69
187,116,246,102,103,116,42,215,103,32,325,6,0,200,0,2,1521118773.289504,32,116.246.102.103,116.42.215.103
188,199,216,215,103,16,246,73,48,131,38,17,0,200,0,2,1521118773.289504,32,199.216.215.103,16.246.73.48
189,116,42,101,99,33,246,215,83,128,128,6,0,200,0,2,1521118773.289504,32,116.42.101.99,33.246.215.83
190,205,246,215,34,146,5,215,246,128,32,6,0,200,0,2,1521118773.289504,32,205.246.215.34,146.5.215.246
191,47,42,31,83,47,42,243,48,128,128,6,0,200,0,2,1521118773.289504,32,47.42.31.83,47.42.243.48
192,47,42,31,83,116,246,215,48,128,131,6,0,200,0,2,1521118773.289504,32,47.42.31.83,116.246.215.48
193,47,42,31,83,116,246,215,48,128,131,6,0,200,0,2,1521118773.289504,32,47.42.31.83,116.246.215.48
194,47,42,243,48,219,246,73,97,128,128,6,0,200,0,2,1521118773.289504,32,47.42.243.48,219.246.73.97
195,139,31,243,48,47,42,243,48,131,128,6,0,200,0,2,1521118773.289504,32,139.31.243.48,47.42.243.48
196,205,5,243,114,125,84,215,64,32,519,6,0,200,0,2,1521118773.289504,32,205.5.243.114,125.84.215.64
197,205,5,243,114,116,225,243,48,32,131,6,0,200,0,2,1521118773.289504,32,205.5.243.114,116.225.243.48
198,207,216,243,83,116,63,243,48,128,32,6,0,200,0,2,1521118773.289504,32,207.216.243.83,116.63.243.48
199,210,42,200,119,16,216,215,97,32,128,6,0,200,0,2,1521118773.289504,32,210.42.200.119,16.216.215.97
200,33,246,215,246,33,246,248,103,519,128,6,0,200,0,2,1521118773.289504,32,33.246.215.246,33.246.248.103
201,237,173,155,83,33,246,215,246,128,519,6,0,200,0,2,1521118773.289504,32,237.173.155.83,33.246.215.246
202,237,173,155,83,33,42,243,78,128,128,6,0,200,0,2,1521118773.289504,32,237.173.155.83,33.42.243.78
203,16,42,215,241,33,246,248,103,128,128,17,0,200,0,2,1521118773.289504,32,16.42.215.241,33.246.248.103
204,146,246,215,48,237,173,155,83,32,128,6,0,200,0,2,1521118773.289504,32,146.246.215.48,237.173.155.83
205,33,42,243,78,215,225,155,97,128,32,17,0,200,0,2,1521118773.289504,32,33.42.243.78,215.225.155.97
206,116,253,243,134,116,246,243,194,32,128,6,0,200,0,2,1521118773.289504,32,116.253.243.134,116.246.243.194
207,116,42,215,64,116,253,243,134,32,32,6,0,200,0,2,1521118773.289504,32,116.42.215.64,116.253.243.134
208,218,246,73,48,73,177,215,48,128,128,6,0,200,0,2,1521118773.289504,32,218.246.73.48,73.177.215.48
209,116,246,17,48,116,246,243,194,32,128,6,0,200,0,2,1521118773.289504,32,116.246.17.48,116.246.243.194
210,21,246,173,97,44,216,155,60,32,32,17,0,200,0,2,1521118773.289504,32,21.246.173.97,44.216.155.60
211,44,216,155,60,116,246,73,83,32,128,6,0,200,0,2,1521118773.289504,32,44.216.155.60,116.246.73.83
212,237,246,215,48,205,246,243,144,532,32,6,0,200,0,2,1521118773.289504,32,237.246.215.48,205.246.243.144
213,237,246,215,48,116,42,215,97,532,32,6,0,200,0,2,1521118773.289504,32,237.246.215.48,116.42.215.97
214,116,246,48,48,116,42,215,97,128,32,6,0,200,0,2,1521118773.289504,32,116.246.48.48,116.42.215.97
215,33,5,73,83,135,42,215,48,128,32,6,0,200,0,2,1521118773.289504,32,33.5.73.83,135.42.215.48
216,33,5,73,83,135,42,215,48,128,32,6,0,200,0,2,1521118773.289504,32,33.5.73.83,135.42.215.48
217,33,5,73,83,135,42,215,48,128,32,6,0,200,0,2,1521118773.289504,32,33.5.73.83,135.42.215.48
218,33,5,73,83,135,42,215,48,128,32,6,0,200,0,2,1521118773.289504,32,33.5.73.83,135.42.215.48
219,33,5,73,83,135,42,215,48,128,32,6,0,200,0,2,1521118773.289504,32,33.5.73.83,135.42.215.48
220,33,5,73,83,135,42,215,48,128,32,6,0,200,0,2,1521118773.289504,32,33.5.73.83,135.42.215.48
221,33,5,73,83,135,42,215,48,128,32,6,0,200,0,2,1521118773.289504,32,33.5.73.83,135.42.215.48
222,33,5,73,83,135,42,215,48,128,32,6,0,200,0,2,1521118773.289504,32,33.5.73.83,135.42.215.48
223,33,5,73,83,135,42,215,48,128,32,6,0,200,0,2,1521118773.289504,32,33.5.73.83,135.42.215.48
224,33,5,73,83,135,42,215,48,128,32,6,0,200,0,2,1521118773.289504,32,33.5.73.83,135.42.215.48
225,33,5,73,83,135,42,215,48,128,32,6,0,200,0,2,1521118773.289504,32,33.5.73.83,135.42.215.48
226,33,5,73,83,135,42,215,48,128,32,6,0,200,0,2,1521118773.289504,32,33.5.73.83,135.42.215.48
227,33,5,73,83,135,42,215,48,128,32,6,0,200,0,2,1521118773.289504,32,33.5.73.83,135.42.215.48
228,33,5,73,83,135,42,215,48,128,32,6,0,200,0,2,1521118773.289504,32,33.5.73.83,135.42.215.48
229,33,5,73,83,135,42,215,48,128,32,6,0,200,0,2,1521118773.289504,32,33.5.73.83,135.42.215.48
230,33,5,73,83,135,42,215,48,128,32,6,0,200,0,2,1521118773.289504,32,33.5.73.83,135.42.215.48
231,33,5,73,83,135,42,215,48,128,32,6,0,200,0,2,1521118773.289504,32,33.5.73.83,135.42.215.48
232,33,5,73,83,135,42,215,48,128,32,6,0,200,0,2,1521118773.289504,32,33.5.73.83,135.42.215.48
233,33,5,73,83,135,42,215,48,128,32,6,0,200,0,2,1521118773.289504,32,33.5.73.83,135.42.215.48
234,33,5,73,83,135,42,215,48,128,32,6,0,200,0,2,1521118773.289504,32,33.5.73.83,135.42.215.48
235,33,5,73,83,135,42,215,48,128,32,6,0,200,0,2,1521118773.289504,32,33.5.73.83,135.42.215.48
236,33,5,73,83,135,42,215,48,128,32,6,0,200,0,2,1521118773.289504,32,33.5.73.83,135.42.215.48
237,33,5,73,83,135,42,215,48,128,32,6,0,200,0,2,1521118773.289504,32,33.5.73.83,135.42.215.48
238,33,5,73,83,135,42,215,48,128,32,6,0,200,0,2,1521118773.289504,32,33.5.73.83,135.42.215.48
239,33,5,73,83,135,42,215,48,128,32,6,0,200,0,2,1521118773.289504,32,33.5.73.83,135.42.215.48
240,33,5,73,83,135,42,215,48,128,32,6,0,200,0,2,1521118773.289504,32,33.5.73.83,135.42.215.48
241,33,5,73,83,135,42,215,48,128,32,6,0,200,0,2,1521118773.289504,32,33.5.73.83,135.42.215.48
242,33,5,73,83,135,42,215,48,128,32,6,0,200,0,2,1521118773.289504,32,33.5.73.83,135.42.215.48
243,33,5,73,83,135,42,215,48,128,32,6,0,200,0,2,1521118773.289504,32,33.5.73.83,135.42.215.48
244,33,5,73,83,135,42,215,48,128,32,6,0,200,0,2,1521118773.289504,32,33.5.73.83,135.42.215.48
245,33,5,73,83,135,42,215,48,128,32,6,0,200,0,2,1521118773.289504,32,33.5.73.83,135.42.215.48
246,33,5,73,83,135,42,215,48,128,32,6,0,200,0,2,1521118773.289504,32,33.5.73.83,135.42.215.48
247,33,5,73,83,135,42,215,48,128,32,6,0,200,0,2,1521118773.289504,32,33.5.73.83,135.42.215.48
248,33,5,73,83,135,42,215,48,128,32,6,0,200,0,2,1521118773.289504,32,33.5.73.83,135.42.215.48
249,33,5,73,83,135,42,215,48,128,32,6,0,200,0,2,1521118773.289504,32,33.5.73.83,135.42.215.48
250,33,5,73,83,135,42,215,48,128,32,6,0,200,0,2,1521118773.289504,32,33.5.73.83,135.42.215.48
251,33,5,73,83,135,42,215,48,128,32,6,0,200,0,2,1521118773.289504,32,33.5.73.83,135.42.215.48
252,33,5,73,83,135,42,215,48,128,32,6,0,200,0,2,1521118773.289504,32,33.5.73.83,135.42.215.48
253,33,5,73,83,135,42,215,48,128,32,6,0,200,0,2,1521118773.289504,32,33.5.73.83,135.42.215.48
254,33,5,73,83,135,42,215,48,128,32,6,0,200,0,2,1521118773.289504,32,33.5.73.83,135.42.215.48
255,33,5,73,83,135,42,215,48,128,32,6,0,200,0,2,1521118773.289504,32,33.5.73.83,135.42.215.48
256,33,5,73,83,135,42,215,48,128,32,6,0,200,0,2,1521118773.289504,32,33.5.73.83,135.42.215.48
257,33,5,73,83,135,42,215,48,128,32,6,0,200,0,2,1521118773.289504,32,33.5.73.83,135.42.215.48
258,33,5,73,83,135,42,215,48,128,32,6,0,200,0,2,1521118773.289504,32,33.5.73.83,135.42.215.48
259,33,5,73,83,135,42,215,48,128,32,6,0,200,0,2,1521118773.289504,32,33.5.73.83,135.42.215.48
260,33,5,73,83,135,42,215,48,128,32,6,0,200,0,2,1521118773.289504,32,33.5.73.83,135.42.215.48
261,33,5,73,83,135,42,215,48,128,32,6,0,200,0,2,1521118773.289504,32,33.5.73.83,135.42.215.48
262,33,5,73,83,135,42,215,48,128,32,6,0,200,0,2,1521118773.289504,32,33.5.73.83,135.42.215.48
263,33,5,73,83,135,42,215,48,128,32,6,0,200,0,2,1521118773.289504,32,33.5.73.83,135.42.215.48
264,33,5,73,83,135,42,215,48,128,32,6,0,200,0,2,1521118773.289504,32,33.5.73.83,135.42.215.48
265,33,5,73,83,135,42,215,48,128,32,6,0,200,0,2,1521118773.289504,32,33.5.73.83,135.42.215.48
266,33,5,73,83,135,42,215,48,128,32,6,0,200,0,2,1521118773.289504,32,33.5.73.83,135.42.215.48
267,33,5,73,83,135,42,215,48,128,32,6,0,200,0,2,1521118773.289504,32,33.5.73.83,135.42.215.48
268,33,5,73,83,135,42,215,48,128,32,6,0,200,0,2,1521118773.289504,32,33.5.73.83,135.42.215.48
269,33,5,73,83,135,42,215,48,128,32,6,0,200,0,2,1521118773.289504,32,33.5.73.83,135.42.215.48
270,33,5,73,83,135,42,215,48,128,32,6,0,200,0,2,1521118773.289504,32,33.5.73.83,135.42.215.48
271,33,5,73,83,135,42,215,48,128,32,6,0,200,0,2,1521118773.289504,32,33.5.73.83,135.42.215.48
272,33,5,73,83,135,42,215,48,128,32,6,0,200,0,2,1521118773.289504,32,33.5.73.83,135.42.215.48
273,33,5,73,83,135,42,215,48,128,32,6,0,200,0,2,1521118773.289504,32,33.5.73.83,135.42.215.48
274,33,5,73,83,135,42,215,48,128,32,6,0,200,0,2,1521118773.289504,32,33.5.73.83,135.42.215.48
275,33,5,73,83,135,42,215,48,128,32,6,0,200,0,2,1521118773.289504,32,33.5.73.83,135.42.215.48
276,33,5,73,83,135,42,215,48,128,32,6,0,200,0,2,1521118773.289504,32,33.5.73.83,135.42.215.48
277,33,5,73,83,135,42,215,48,128,32,6,0,200,0,2,1521118773.289504,32,33.5.73.83,135.42.215.48
278,33,5,73,83,135,42,215,48,128,32,6,0,200,0,2,1521118773.289504,32,33.5.73.83,135.42.215.48
279,33,5,73,83,135,42,215,48,128,32,6,0,200,0,2,1521118773.289504,32,33.5.73.83,135.42.215.48
280,33,5,73,83,135,42,215,48,128,32,6,0,200,0,2,1521118773.289504,32,33.5.73.83,135.42.215.48
281,33,5,73,83,135,42,215,48,128,32,6,0,200,0,2,1521118773.289504,32,33.5.73.83,135.42.215.48
282,33,5,73,83,135,42,215,48,128,32,6,0,200,0,2,1521118773.289504,32,33.5.73.83,135.42.215.48
283,33,5,73,83,135,42,215,48,128,32,6,0,200,0,2,1521118773.289504,32,33.5.73.83,135.42.215.48
284,33,5,73,83,135,42,215,48,128,32,6,0,200,0,2,1521118773.289504,32,33.5.73.83,135.42.215.48
285,33,5,73,83,135,42,215,48,128,32,6,0,200,0,2,1521118773.289504,32,33.5.73.83,135.42.215.48
286,33,5,73,83,135,42,215,48,128,32,6,0,200,0,2,1521118773.289504,32,33.5.73.83,135.42.215.48
287,33,5,73,83,135,42,215,48,128,32,6,0,200,0,2,1521118773.289504,32,33.5.73.83,135.42.215.48
288,33,5,73,83,135,42,215,48,128,32,6,0,200,0,2,1521118773.289504,32,33.5.73.83,135.42.215.48
289,33,5,73,83,135,42,215,48,128,32,6,0,200,0,2,1521118773.289504,32,33.5.73.83,135.42.215.48
290,33,5,73,83,135,42,215,48,128,32,6,0,200,0,2,1521118773.289504,32,33.5.73.83,135.42.215.48
291,33,5,73,83,135,42,215,48,128,32,6,0,200,0,2,1521118773.289504,32,33.5.73.83,135.42.215.48
292,33,5,73,83,135,42,215,48,128,32,6,0,200,0,2,1521118773.289504,32,33.5.73.83,135.42.215.48
293,33,5,73,83,135,42,215,48,128,32,6,0,200,0,2,1521118773.289504,32,33.5.73.83,135.42.215.48
294,33,5,73,83,135,42,215,48,128,32,6,0,200,0,2,1521118773.289504,32,33.5.73.83,135.42.215.48
295,33,5,73,83,135,42,215,48,128,32,6,0,200,0,2,1521118773.289504,32,33.5.73.83,135.42.215.48
296,33,5,73,83,135,42,215,48,128,32,6,0,200,0,2,1521118773.289504,32,33.5.73.83,135.42.215.48
297,33,5,73,83,135,42,215,48,128,32,6,0,200,0,2,1521118773.289504,32,33.5.73.83,135.42.215.48
298,33,5,73,83,135,42,215,48,128,32,6,0,200,0,2,1521118773.289504,32,33.5.73.83,135.42.215.48
299,33,5,73,83,135,42,215,48,128,32,6,0,200,0,2,1521118773.289504,32,33.5.73.83,135.42.215.48
300,33,5,73,83,135,42,215,48,128,32,6,0,200,0,2,1521118773.289504,32,33.5.73.83,135.42.215.48
301,33,5,73,83,135,42,215,48,128,32,6,0,200,0,2,1521118773.289504,32,33.5.73.83,135.42.215.48
302,33,5,73,83,135,42,215,48,128,32,6,0,200,0,2,1521118773.289504,32,33.5.73.83,135.42.215.48
303,33,5,73,83,135,42,215,48,128,32,6,0,200,0,2,1521118773.289504,32,33.5.73.83,135.42.215.48
304,33,5,73,83,135,42,215,48,128,32,6,0,200,0,2,1521118773.289504,32,33.5.73.83,135.42.215.48
305,33,5,73,83,135,42,215,48,128,32,6,0,200,0,2,1521118773.289504,32,33.5.73.83,135.42.215.48
306,33,5,73,83,135,42,215,48,128,32,6,0,200,0,2,1521118773.289504,32,33.5.73.83,135.42.215.48
307,33,5,73,83,135,42,215,48,128,32,6,0,200,0,2,1521118773.289504,32,33.5.73.83,135.42.215.48
308,33,5,73,83,135,42,215,48,128,32,6,0,200,0,2,1521118773.289504,32,33.5.73.83,135.42.215.48
309,33,5,73,83,135,42,215,48,128,32,6,0,200,0,2,1521118773.289504,32,33.5.73.83,135.42.215.48
310,33,5,73,83,135,42,215,48,128,32,6,0,200,0,2,1521118773.289504,32,33.5.73.83,135.42.215.48
311,33,5,73,83,135,42,215,48,128,32,6,0,200,0,2,1521118773.289504,32,33.5.73.83,135.42.215.48
312,33,5,73,83,135,42,215,48,128,32,6,0,200,0,2,1521118773.289504,32,33.5.73.83,135.42.215.48
313,33,5,73,83,135,42,215,48,128,32,6,0,200,0,2,1521118773.289504,32,33.5.73.83,135.42.215.48
314,33,5,73,83,135,42,215,48,128,32,6,0,200,0,2,1521118773.289504,32,33.5.73.83,135.42.215.48
315,33,5,73,83,135,42,215,48,128,32,6,0,200,0,2,1521118773.289504,32,33.5.73.83,135.42.215.48
316,33,5,73,83,135,42,215,48,128,32,6,0,200,0,2,1521118773.289504,32,33.5.73.83,135.42.215.48
317,33,5,73,83,135,42,215,48,128,32,6,0,200,0,2,1521118773.289504,32,33.5.73.83,135.42.215.48
318,33,5,73,83,135,42,215,48,128,32,6,0,200,0,2,1521118773.289504,32,33.5.73.83,135.42.215.48
319,33,5,73,83,135,42,215,48,128,32,6,0,200,0,2,1521118773.289504,32,33.5.73.83,135.42.215.48
320,33,5,73,83,135,42,215,48,128,32,6,0,200,0,2,1521118773.289504,32,33.5.73.83,135.42.215.48
321,33,5,73,83,135,42,215,48,128,32,6,0,200,0,2,1521118773.289504,32,33.5.73.83,135.42.215.48
322,33,5,73,83,135,42,215,48,128,32,6,0,200,0,2,1521118773.289504,32,33.5.73.83,135.42.215.48
323,33,5,73,83,135,42,215,48,128,32,6,0,200,0,2,1521118773.289504,32,33.5.73.83,135.42.215.48
324,33,5,73,83,135,42,215,48,128,32,6,0,200,0,2,1521118773.289504,32,33.5.73.83,135.42.215.48
325,33,5,73,83,135,42,215,48,128,32,6,0,200,0,2,1521118773.289504,32,33.5.73.83,135.42.215.48
326,33,5,73,83,135,42,215,48,128,32,6,0,200,0,2,1521118773.289504,32,33.5.73.83,135.42.215.48
327,33,5,73,83,135,42,215,48,128,32,6,0,200,0,2,1521118773.289504,32,33.5.73.83,135.42.215.48
328,33,5,73,83,135,42,215,48,128,32,6,0,200,0,2,1521118773.289504,32,33.5.73.83,135.42.215.48
329,33,5,73,83,135,42,215,48,128,32,6,0,200,0,2,1521118773.289504,32,33.5.73.83,135.42.215.48
330,33,5,73,83,135,42,215,48,128,32,6,0,200,0,2,1521118773.289504,32,33.5.73.83,135.42.215.48
331,33,5,73,83,135,42,215,48,128,32,6,0,200,0,2,1521118773.289504,32,33.5.73.83,135.42.215.48
332,33,5,73,83,135,42,215,48,128,32,6,0,200,0,2,1521118773.289504,32,33.5.73.83,135.42.215.48
333,33,5,73,83,135,42,215,48,128,32,6,0,200,0,2,1521118773.289504,32,33.5.73.83,135.42.215.48
334,33,5,73,83,135,42,215,48,128,32,6,0,200,0,2,1521118773.289504,32,33.5.73.83,135.42.215.48
335,33,5,73,83,135,42,215,48,128,32,6,0,200,0,2,1521118773.289504,32,33.5.73.83,135.42.215.48
336,33,5,73,83,135,42,215,48,128,32,6,0,200,0,2,1521118773.289504,32,33.5.73.83,135.42.215.48
337,33,5,73,83,135,42,215,48,128,32,6,0,200,0,2,1521118773.289504,32,33.5.73.83,135.42.215.48
338,33,5,73,83,135,42,215,48,128,32,6,0,200,0,2,1521118773.289504,32,33.5.73.83,135.42.215.48
339,33,5,73,83,135,42,215,48,128,32,6,0,200,0,2,1521118773.289504,32,33.5.73.83,135.42.215.48
340,33,5,73,83,135,42,215,48,128,32,6,0,200,0,2,1521118773.289504,32,33.5.73.83,135.42.215.48
341,33,5,73,83,135,42,215,48,128,32,6,0,200,0,2,1521118773.289504,32,33.5.73.83,135.42.215.48
342,33,5,73,83,135,42,215,48,128,32,6,0,200,0,2,1521118773.289504,32,33.5.73.83,135.42.215.48
343,33,5,73,83,135,42,215,48,128,32,6,0,200,0,2,1521118773.289504,32,33.5.73.83,135.42.215.48
344,33,5,73,83,135,42,215,48,128,32,6,0,200,0,2,1521118773.289504,32,33.5.73.83,135.42.215.48
345,33,5,73,83,135,42,215,48,128,32,6,0,200,0,2,1521118773.289504,32,33.5.73.83,135.42.215.48
346,33,5,73,83,135,42,215,48,128,32,6,0,200,0,2,1521118773.289504,32,33.5.73.83,135.42.215.48
347,33,5,73,83,135,42,215,48,128,32,6,0,200,0,2,1521118773.289504,32,33.5.73.83,135.42.215.48
348,33,5,73,83,135,42,215,48,128,32,6,0,200,0,2,1521118773.289504,32,33.5.73.83,135.42.215.48
349,33,5,73,83,135,42,215,48,128,32,6,0,200,0,2,1521118773.289504,32,33.5.73.83,135.42.215.48
350,33,5,73,83,135,42,215,48,128,32,6,0,200,0,2,1521118773.289504,32,33.5.73.83,135.42.215.48
351,33,5,73,83,135,42,215,48,128,32,6,0,200,0,2,1521118773.289504,32,33.5.73.83,135.42.215.48
352,33,5,73,83,135,42,215,48,128,32,6,0,200,0,2,1521118773.289504,32,33.5.73.83,135.42.215.48
353,33,5,73,83,135,42,215,48,128,32,6,0,200,0,2,1521118773.289504,32,33.5.73.83,135.42.215.48
354,33,5,73,83,135,42,215,48,128,32,6,0,200,0,2,1521118773.289504,32,33.5.73.83,135.42.215.48
355,33,5,73,83,135,42,215,48,128,32,6,0,200,0,2,1521118773.289504,32,33.5.73.83,135.42.215.48
356,33,5,73,83,135,42,215,48,128,32,6,0,200,0,2,1521118773.289504,32,33.5.73.83,135.42.215.48
357,33,5,73,83,135,42,215,48,128,32,6,0,200,0,2,1521118773.289504,32,33.5.73.83,135.42.215.48
358,33,5,73,83,135,42,215,48,128,32,6,0,200,0,2,1521118773.289504,32,33.5.73.83,135.42.215.48
359,33,5,73,83,135,42,215,48,128,32,6,0,200,0,2,1521118773.289504,32,33.5.73.83,135.42.215.48
360,33,5,73,83,135,42,215,48,128,32,6,0,200,0,2,1521118773.289504,32,33.5.73.83,135.42.215.48
361,33,5,73,83,135,42,215,48,128,32,6,0,200,0,2,1521118773.289504,32,33.5.73.83,135.42.215.48
362,33,5,73,83,135,42,215,48,128,32,6,0,200,0,2,1521118773.289504,32,33.5.73.83,135.42.215.48
363,33,5,73,83,135,42,215,48,128,32,6,0,200,0,2,1521118773.289504,32,33.5.73.83,135.42.215.48
364,33,5,73,83,135,42,215,48,128,32,6,0,200,0,2,1521118773.289504,32,33.5.73.83,135.42.215.48
365,33,5,73,83,135,42,215,48,128,32,6,0,200,0,2,1521118773.289504,32,33.5.73.83,135.42.215.48
366,33,5,73,83,135,42,215,48,128,32,6,0,200,0,2,1521118773.289504,32,33.5.73.83,135.42.215.48
367,33,5,73,83,135,42,215,48,128,32,6,0,200,0,2,1521118773.289504,32,33.5.73.83,135.42.215.48
368,33,5,73,83,135,42,215,48,128,32,6,0,200,0,2,1521118773.289504,32,33.5.73.83,135.42.215.48
369,33,5,73,83,135,42,215,48,128,32,6,0,200,0,2,1521118773.289504,32,33.5.73.83,135.42.215.48
370,33,5,73,83,135,42,215,48,128,32,6,0,200,0,2,1521118773.289504,32,33.5.73.83,135.42.215.48
371,33,5,73,83,135,42,215,48,128,32,6,0,200,0,2,1521118773.289504,32,33.5.73.83,135.42.215.48
372,33,5,73,83,135,42,215,48,128,32,6,0,200,0,2,1521118773.289504,32,33.5.73.83,135.42.215.48
373,218,246,215,48,237,246,215,48,128,532,6,0,200,0,2,1521118773.289504,32,218.246.215.48,237.246.215.48
374,16,216,215,43,205,200,90,107,128,131,6,0,200,0,2,1521118773.289504,32,16.216.215.43,205.200.90.107
375,16,216,215,43,205,200,90,107,128,131,6,0,200,0,2,1521118773.289504,32,16.216.215.43,205.200.90.107
376,16,216,215,43,199,137,73,85,128,172,6,0,200,0,2,1521118773.289504,32,16.216.215.43,199.137.73.85
377,7,216,215,83,251,222,243,78,32,32,6,0,200,0,2,1521118773.289504,32,7.216.215.83,251.222.243.78
378,7,216,215,83,251,222,243,78,32,32,6,0,200,0,2,1521118773.289504,32,7.216.215.83,251.222.243.78
379,218,216,215,24,237,177,215,83,32,32,6,0,200,0,2,1521118773.289504,32,218.216.215.24,237.177.215.83
380,237,246,73,83,116,216,215,59,128,32,6,0,200,0,2,1521118773.289504,32,237.246.73.83,116.216.215.59
381,237,169,38,83,116,225,90,83,32,128,6,0,200,0,2,1521118773.289504,32,237.169.38.83,116.225.90.83
382,205,246,100,99,237,169,38,83,32,32,6,0,200,0,2,1521118773.289504,32,205.246.100.99,237.169.38.83
383,119,42,243,48,237,169,38,83,32,32,6,0,200,0,2,1521118773.289504,32,119.42.243.48,237.169.38.83
384,116,216,215,83,237,169,38,83,32,32,6,0,200,0,2,1521118773.289504,32,116.216.215.83,237.169.38.83
385,33,42,215,139,212,30,73,78,128,128,6,0,200,0,2,1521118773.289504,32,33.42.215.139,212.30.73.78
386,33,42,215,139,16,222,215,24,128,128,6,0,200,0,2,1521118773.289504,32,33.42.215.139,16.222.215.24
387,199,42,155,48,135,41,215,48,131,128,6,0,200,0,2,1521118773.289504,32,199.42.155.48,135.41.215.48
388,62,246,73,78,205,42,90,48,32,32,6,0,200,0,2,1521118773.289504,32,62.246.73.78,205.42.90.48
389,62,246,73,78,64,246,73,83,32,128,6,0,200,0,2,1521118773.289504,32,62.246.73.78,64.246.73.83
390,33,42,161,78,62,246,73,78,128,32,17,0,200,0,2,1521118773.289504,32,33.42.161.78,62.246.73.78
391,202,42,90,194,205,42,90,48,32,32,6,0,200,0,2,1521118773.289504,32,202.42.90.194,205.42.90.48
392,135,41,215,48,116,5,207,48,128,32,17,0,200,0,2,1521118773.289504,32,135.41.215.48,116.5.207.48
393,202,169,243,48,237,246,215,205,32,131,6,0,200,0,2,1521118773.289504,32,202.169.243.48,237.246.215.205
394,237,246,215,205,130,246,73,103,131,128,6,0,200,0,2,1521118773.289504,32,237.246.215.205,130.246.73.103
395,141,29,69,241,47,246,155,83,128,32,6,0,200,0,2,1521118773.289504,32,141.29.69.241,47.246.155.83
396,33,206,69,83,141,29,69,241,128,128,6,0,200,0,2,1521118773.289504,32,33.206.69.83,141.29.69.241
397,97,246,243,83,33,206,69,83,128,128,6,0,200,0,2,1521118773.289504,32,97.246.243.83,33.206.69.83
398,97,246,243,83,215,246,31,64,128,128,6,0,200,0,2,1521118773.289504,32,97.246.243.83,215.246.31.64
399,215,246,31,64,205,164,33,134,128,128,6,0,200,0,2,1521118773.289504,32,215.246.31.64,205.164.33.134
400,16,30,69,246,198,246,215,48,128,32,6,0,200,0,2,1521118773.289504,32,16.30.69.246,198.246.215.48
401,193,246,215,64,213,164,243,203,128,32,6,0,200,0,2,1521118773.289504,32,193.246.215.64,213.164.243.203
402,213,164,243,203,44,225,215,162,32,32,6,0,200,0,2,1521118773.289504,32,213.164.243.203,44.225.215.162
403,33,42,54,83,194,246,73,48,128,32,6,0,200,0,2,1521118773.289504,32,33.42.54.83,194.246.73.48
404,116,3,89,94,112,42,215,48,32,128,6,0,200,0,2,1521118773.289504,32,116.3.89.94,112.42.215.48
405,44,42,73,97,131,246,73,83,128,128,6,0,200,0,2,1521118773.289504,32,44.42.73.97,131.246.73.83
406,131,246,73,83,205,200,215,56,128,128,6,0,200,0,2,1521118773.289504,32,131.246.73.83,205.200.215.56
407,205,246,243,83,135,246,215,48,128,128,17,0,200,0,2,1521118773.289504,32,205.246.243.83,135.246.215.48
408,116,246,215,48,205,246,243,83,128,128,6,0,200,0,2,1521118773.289504,32,116.246.215.48,205.246.243.83
409,205,202,155,48,33,246,215,83,128,128,6,0,200,0,2,1521118773.289504,32,205.202.155.48,33.246.215.83
410,116,246,73,193,33,246,215,83,128,128,6,0,200,0,2,1521118773.289504,32,116.246.73.193,33.246.215.83
411,33,246,215,83,116,30,73,181,128,38,6,0,200,0,2,1521118773.289504,32,33.246.215.83,116.30.73.181
412,223,166,215,48,212,246,161,93,527,32,6,0,200,0,2,1521118773.289504,32,223.166.215.48,212.246.161.93
413,212,246,161,93,218,246,215,97,32,128,6,0,200,0,2,1521118773.289504,32,212.246.161.93,218.246.215.97
414,205,246,73,149,116,42,215,48,128,128,6,0,200,0,2,1521118773.289504,32,205.246.73.149,116.42.215.48
415,116,42,215,48,192,246,73,79,128,128,6,0,200,0,2,1521118773.289504,32,116.42.215.48,192.246.73.79
416,192,246,73,79,116,42,215,48,128,128,6,0,200,0,2,1521118773.289504,32,192.246.73.79,116.42.215.48
417,239,246,215,97,199,195,73,48,131,128,6,0,200,0,2,1521118773.289504,32,239.246.215.97,199.195.73.48
418,199,195,73,48,116,246,73,185,128,32,17,0,200,0,2,1521118773.289504,32,199.195.73.48,116.246.73.185
419,75,5,73,83,73,246,215,197,128,128,17,0,200,0,2,1521118773.289504,32,75.5.73.83,73.246.215.197
420,73,246,215,197,75,5,73,83,128,128,6,0,200,0,2,1521118773.289504,32,73.246.215.197,75.5.73.83
421,44,42,215,103,50,5,243,160,32,32,6,0,200,0,2,1521118773.289504,32,44.42.215.103,50.5.243.160
422,116,246,73,48,238,42,73,97,128,128,6,0,200,0,2,1521118773.289504,32,116.246.73.48,238.42.73.97
423,237,246,215,97,116,246,73,48,128,128,6,0,200,0,2,1521118773.289504,32,237.246.215.97,116.246.73.48
424,116,1,73,103,116,246,215,85,128,32,6,0,200,0,2,1521118773.289504,32,116.1.73.103,116.246.215.85
425,238,42,73,97,116,246,215,85,128,32,6,0,200,0,2,1521118773.289504,32,238.42.73.97,116.246.215.85
426,33,42,215,94,16,246,161,64,32,32,17,0,200,0,2,1521118773.289504,32,33.42.215.94,16.246.161.64
427,116,246,215,48,33,246,243,48,128,128,6,0,200,0,2,1521118773.289504,32,116.246.215.48,33.246.243.48
428,116,78,122,246,16,246,161,64,128,32,6,0,200,0,2,1521118773.289504,32,116.78.122.246,16.246.161.64
429,116,78,122,246,198,91,255,246,128,32,6,0,200,0,2,1521118773.289504,32,116.78.122.246,198.91.255.246
430,116,246,90,48,218,42,215,83,32,32,17,0,200,0,2,1521118773.289504,32,116.246.90.48,218.42.215.83
431,116,41,140,157,33,216,243,107,128,128,6,0,200,0,2,1521118773.289504,32,116.41.140.157,33.216.243.107
432,199,5,73,48,13,152,73,78,551,128,6,0,200,0,2,1521118773.289504,32,199.5.73.48,13.152.73.78
433,199,5,73,48,131,216,215,24,551,131,6,0,200,0,2,1521118773.289504,32,199.5.73.48,131.216.215.24
434,199,5,73,48,116,246,215,148,551,32,17,0,200,0,2,1521118773.289504,32,199.5.73.48,116.246.215.148
435,116,246,215,148,131,216,215,24,32,131,6,0,200,0,2,1521118773.289504,32,116.246.215.148,131.216.215.24
436,116,246,215,148,116,5,215,83,32,32,6,0,200,0,2,1521118773.289504,32,116.246.215.148,116.5.215.83
437,64,5,215,251,237,246,155,83,128,128,17,0,200,0,2,1521118773.289504,32,64.5.215.251,237.246.155.83
438,67,246,215,78,64,5,215,251,32,128,6,0,200,0,2,1521118773.289504,32,67.246.215.78,64.5.215.251
439,67,246,215,78,237,246,155,83,32,128,6,0,200,0,2,1521118773.289504,32,67.246.215.78,237.246.155.83
440,237,42,243,64,116,246,73,94,128,128,6,0,200,0,2,1521118773.289504,32,237.42.243.64,116.246.73.94
441,237,42,243,64,237,43,119,33,128,128,6,0,200,0,2,1521118773.289504,32,237.42.243.64,237.43.119.33
442,237,43,119,33,64,5,215,251,128,128,6,0,200,0,2,1521118773.289504,32,237.43.119.33,64.5.215.251
443,116,246,31,96,192,246,155,97,128,32,6,0,200,0,2,1521118773.289504,32,116.246.31.96,192.246.155.97
444,134,42,215,48,192,246,155,97,32,32,6,0,200,0,2,1521118773.289504,32,134.42.215.48,192.246.155.97
445,205,246,243,83,205,246,215,103,128,128,6,0,200,0,2,1521118773.289504,32,205.246.243.83,205.246.215.103
446,205,246,215,103,244,42,243,194,128,128,6,0,200,0,2,1521118773.289504,32,205.246.215.103,244.42.243.194
447,64,42,215,106,244,42,243,194,128,128,17,0,200,0,2,1521118773.289504,32,64.42.215.106,244.42.243.194
448,244,42,243,194,205,246,243,83,128,128,6,0,200,0,2,1521118773.289504,32,244.42.243.194,205.246.243.83
449,215,42,62,115,244,246,128,48,131,128,6,0,200,0,2,1521118773.289504,32,215.42.62.115,244.246.128.48
450,33,246,243,94,130,63,31,172,32,131,6,0,200,0,2,1521118773.289504,32,33.246.243.94,130.63.31.172
451,244,224,215,33,33,246,243,94,128,32,6,0,200,0,2,1521118773.289504,32,244.224.215.33,33.246.243.94
452,210,246,155,78,244,246,215,48,128,128,6,0,200,0,2,1521118773.289504,32,210.246.155.78,244.246.215.48
453,116,5,155,181,85,211,73,48,131,32,6,0,200,0,2,1521118773.289504,32,116.5.155.181,85.211.73.48
454,85,211,73,48,116,5,155,181,32,131,6,0,200,0,2,1521118773.289504,32,85.211.73.48,116.5.155.181
455,116,42,155,74,215,246,215,83,32,32,6,0,200,0,2,1521118773.289504,32,116.42.155.74,215.246.215.83
456,215,227,73,48,116,42,194,48,32,255,6,0,200,0,2,1521118773.289504,32,215.227.73.48,116.42.194.48
457,116,246,73,58,205,5,122,83,32,128,6,0,200,0,2,1521118773.289504,32,116.246.73.58,205.5.122.83
458,207,246,215,83,135,246,215,107,32,38,6,0,200,0,2,1521118773.289504,32,207.246.215.83,135.246.215.107
459,44,222,215,48,64,246,73,103,128,128,6,0,200,0,2,1521118773.289504,32,44.222.215.48,64.246.73.103
460,199,7,73,97,67,216,243,64,32,32,6,0,200,0,2,1521118773.289504,32,199.7.73.97,67.216.243.64
461,202,216,215,107,199,7,73,97,32,32,6,0,200,0,2,1521118773.289504,32,202.216.215.107,199.7.73.97
462,202,216,215,107,64,246,73,103,32,128,6,0,200,0,2,1521118773.289504,32,202.216.215.107,64.246.73.103
463,116,211,55,108,44,222,215,48,32,128,6,0,200,0,2,1521118773.289504,32,116.211.55.108,44.222.215.48
464,33,200,215,254,116,211,215,83,32,32,6,0,200,0,2,1521118773.289504,32,33.200.215.254,116.211.215.83
465,213,5,73,48,116,246,215,83,128,32,17,0,200,0,2,1521118773.289504,32,213.5.73.48,116.246.215.83
466,64,246,215,48,135,216,243,83,128,131,6,0,200,0,2,1521118773.289504,32,64.246.215.48,135.216.243.83
467,135,216,243,83,116,246,215,83,131,128,6,0,200,0,2,1521118773.289504,32,135.216.243.83,116.246.215.83
468,116,246,215,246,116,246,243,64,32,128,6,0,200,0,2,1521118773.289504,32,116.246.215.246,116.246.243.64
469,73,216,73,59,237,0,215,48,32,32,6,0,200,0,2,1521118773.289504,32,73.216.73.59,237.0.215.48
470,205,246,90,48,116,246,215,114,128,128,6,0,200,0,2,1521118773.289504,32,205.246.90.48,116.246.215.114
471,116,246,215,78,237,200,215,48,128,128,6,0,200,0,2,1521118773.289504,32,116.246.215.78,237.200.215.48
472,237,5,130,91,88,246,215,83,128,131,6,0,200,0,2,1521118773.289504,32,237.5.130.91,88.246.215.83
473,202,42,215,97,205,246,90,48,128,128,6,0,200,0,2,1521118773.289504,32,202.42.215.97,205.246.90.48
474,202,42,215,97,237,200,215,48,128,128,6,0,200,0,2,1521118773.289504,32,202.42.215.97,237.200.215.48
475,202,42,215,97,88,246,215,83,128,131,17,0,200,0,2,1521118773.289504,32,202.42.215.97,88.246.215.83
476,33,216,52,48,44,216,243,48,128,32,6,0,200,0,2,1521118773.289504,32,33.216.52.48,44.216.243.48
477,116,216,73,103,47,246,243,83,32,128,6,0,200,0,2,1521118773.289504,32,116.216.73.103,47.246.243.83
478,116,216,73,103,83,246,215,48,32,32,6,0,200,0,2,1521118773.289504,32,116.216.73.103,83.246.215.48
479,237,246,215,48,116,5,215,83,32,128,6,0,200,0,2,1521118773.289504,32,237.246.215.48,116.5.215.83
480,199,246,243,24,116,5,215,83,32,128,6,0,200,0,2,1521118773.289504,32,199.246.243.24,116.5.215.83
481,116,246,243,162,33,225,73,97,128,32,6,0,200,0,2,1521118773.289504,32,116.246.243.162,33.225.73.97
482,205,246,73,139,33,225,73,97,128,32,6,0,200,0,2,1521118773.289504,32,205.246.73.139,33.225.73.97
483,64,216,243,83,248,246,155,110,32,128,6,0,200,0,2,1521118773.289504,32,64.216.243.83,248.246.155.110
484,199,5,73,103,64,216,243,83,32,32,17,0,200,0,2,1521118773.289504,32,199.5.73.103,64.216.243.83
485,116,224,73,48,198,246,73,103,325,128,6,0,200,0,2,1521118773.289504,32,116.224.73.48,198.246.73.103
486,248,246,155,110,215,79,172,186,128,128,6,0,200,0,2,1521118773.289504,32,248.246.155.110,215.79.172.186
487,215,246,161,236,202,5,215,201,128,32,6,0,200,0,2,1521118773.289504,32,215.246.161.236,202.5.215.201
488,109,92,73,83,116,5,215,64,32,128,6,0,200,0,2,1521118773.289504,32,109.92.73.83,116.5.215.64
489,116,200,215,237,66,225,215,83,128,32,17,0,200,0,2,1521118773.289504,32,116.200.215.237,66.225.215.83
490,66,225,215,83,33,30,215,48,32,32,6,0,200,0,2,1521118773.289504,32,66.225.215.83,33.30.215.48
