src_ip,dst_ip,src_port,dst_port,protocol,pkt_count,timestamp
199.216.83.83,75.42.215.167,443,443,6,1,1521118773.290606
197.42.215.48,64.246.215.119,80,443,6,1,1521118773.2909822
33.42.215.74,75.42.215.167,8081,443,6,1,1521118773.2914088
33.42.215.74,64.246.215.119,8081,443,6,1,1521118773.291174
64.246.215.119,75.42.215.167,443,443,6,1,1521118773.291878
64.246.215.119,198.246.240.78,443,443,6,1,1521118773.2904706
64.246.215.119,44.246.215.83,443,4500,6,1,1521118773.2900994
135.42.215.83,218.63.155.218,443,80,17,1,1521118773.2902231
205.246.82.83,237.246.73.97,54174,443,6,1,1521118773.2897046
218.63.155.218,135.42.215.83,80,443,6,1,1521118773.2907226
119.216.5.47,7.246.215.119,80,443,6,1,1521118773.2895997
116.3.215.64,205.42.215.48,80,80,17,1,1521118773.290152
116.3.215.64,119.216.5.47,80,80,17,1,1521118773.291133
116.3.215.64,218.246.155.64,80,443,6,1,1521118773.2909038
218.246.155.64,205.42.215.48,443,80,6,1,1521118773.2909434
218.246.155.64,7.246.215.119,443,443,6,1,1521118773.2910523
218.246.155.64,50.246.215.103,443,443,6,1,1521118773.2911806
50.246.215.103,116.43.173.77,443,80,17,1,1521118773.289714
207.42.73.188,237.214.73.83,80,80,6,1,1521118773.2903004
207.42.73.188,91.29.215.24,80,443,6,1,1521118773.291722
44.42.155.204,237.214.73.83,80,80,6,1,1521118773.290314
50.225.243.48,44.246.7.83,80,80,6,1,1521118773.291358
50.225.243.48,44.246.152.83,80,80,6,1,1521118773.2919242
64.216.73.83,91.29.215.24,80,443,6,1,1521118773.2919369
116.216.215.83,44.246.152.83,443,80,6,1,1521118773.2898717
198.246.215.162,218.42.202.149,41412,42867,6,1,1521118773.291174
93.246.215.158,50.185.73.48,40500,443,6,1,1521118773.2920086
116.225.215.146,237.42.243.202,80,80,6,1,1521118773.2920444
50.185.73.48,124.177.73.252,443,80,6,1,1521118773.2908764
138.91.215.64,30.246.215.83,443,49613,6,1,1521118773.290966
138.91.215.64,124.177.73.252,443,80,6,1,1521118773.2911625
202.246.215.48,119.42.155.106,80,443,6,1,1521118773.2908468
215.246.215.97,119.42.155.106,443,443,6,1,1521118773.2900765
102.246.215.162,205.216.38.83,443,40835,6,1,1521118773.2920444
119.42.155.106,205.216.38.83,443,40835,6,1,1521118773.2907226
97.37.215.48,200.211.73.97,443,443,6,1,1521118773.2909746
44.246.69.83,30.169.215.48,80,80,6,1,1521118773.2913895
30.169.215.48,44.246.69.83,80,80,6,1,1521118773.2897248
33.42.215.83,116.1.215.83,80,80,6,1,1521118773.2917461
33.5.215.48,116.255.215.255,443,443,6,1,1521118773.289714
44.246.73.64,47.216.73.48,443,443,6,1,1521118773.2920444
44.246.73.64,213.42.215.97,443,443,6,1,1521118773.2914875
64.42.215.149,33.5.215.48,443,443,6,1,1521118773.2909837
237.225.122.83,200.166.203.48,443,80,6,1,1521118773.2904587
50.246.122.48,213.246.154.83,80,443,6,1,1521118773.2907226
50.246.122.48,116.246.215.181,80,80,6,1,1521118773.2913694
116.225.73.83,119.216.73.48,443,443,6,1,1521118773.2917998
213.246.154.83,119.216.73.48,443,443,6,1,1521118773.2914252
213.246.154.83,116.246.215.48,443,80,6,1,1521118773.2898948
213.246.154.83,30.225.161.103,443,41412,6,1,1521118773.2920818
119.216.73.48,213.246.154.83,443,443,6,1,1521118773.2904587
30.225.161.103,218.222.173.48,41412,80,6,1,1521118773.291174
44.42.30.78,116.246.215.48,80,80,6,1,1521118773.290152
44.42.30.78,218.222.38.97,80,443,6,1,1521118773.289649
205.225.69.48,116.246.215.48,80,80,6,1,1521118773.289518
116.216.161.114,40.169.111.107,80,443,6,1,1521118773.2911577
116.216.161.114,202.246.248.48,80,443,17,1,1521118773.2920818
33.246.215.48,40.169.111.107,80,443,6,1,1521118773.2906597
218.65.215.101,50.246.73.48,80,443,6,1,1521118773.2917178
218.65.215.101,16.225.82.48,80,80,6,1,1521118773.2899976
218.65.215.101,205.27.73.48,80,80,6,1,1521118773.2904747
44.224.90.74,215.42.155.48,443,443,6,1,1521118773.2898293
116.246.215.48,202.216.73.48,443,80,6,1,1521118773.2897248
202.216.73.48,155.246.122.83,80,443,6,1,1521118773.2920876
116.5.215.48,44.225.180.24,80,80,6,1,1521118773.2919114
92.7.54.107,199.246.215.78,443,55963,6,1,1521118773.290152
139.246.173.174,116.5.215.48,41412,80,6,1,1521118773.2915127
205.42.33.48,44.225.180.24,443,80,17,1,1521118773.2920222
199.246.215.78,199.246.69.78,55963,80,6,1,1521118773.2914567
44.246.243.83,44.216.90.24,80,80,17,1,1521118773.2913527
116.42.83.97,205.246.73.48,443,443,6,1,1521118773.2911265
47.42.215.83,33.42.94.151,443,80,6,1,1521118773.2901683
33.246.243.172,116.246.243.103,41412,80,6,1,1521118773.2909837
116.246.243.103,33.216.34.83,80,80,6,1,1521118773.2911782
116.246.243.83,44.183.215.83,443,443,6,1,1521118773.2919707
193.246.215.83,116.41.215.97,443,443,6,2,1521118773.290606
238.246.215.103,205.5.243.101,80,443,6,1,1521118773.2897315
218.246.202.141,205.5.243.101,443,443,6,1,1521118773.2907226
194.246.155.83,237.216.215.48,443,443,6,1,1521118773.2907822
205.216.155.24,218.246.202.141,80,443,6,1,1521118773.2904587
192.216.215.24,205.216.155.24,443,80,6,1,1521118773.2907324
116.246.77.48,202.225.69.97,80,443,6,1,1521118773.2915535
116.14.215.64,215.42.90.97,443,80,6,1,1521118773.2901938
218.246.215.139,218.216.215.45,443,80,6,1,1521118773.2918122
218.216.215.45,116.14.215.64,80,443,6,1,1521118773.2911265
50.224.90.148,116.14.215.64,80,443,6,1,1521118773.2919242
210.42.215.219,33.175.53.237,80,80,6,1,1521118773.291788
116.5.180.48,44.33.215.64,443,443,6,1,1521118773.2914875
116.5.180.48,116.246.73.48,443,443,6,1,1521118773.2918122
21.42.215.48,215.246.229.22,443,80,6,1,1521118773.290376
199.216.215.103,141.200.155.48,443,80,6,1,1521118773.2912405
116.5.73.107,210.222.73.181,443,5222,6,1,1521118773.2912562
116.5.73.107,196.132.206.67,443,80,6,1,1521118773.2917535
196.132.206.67,237.42.215.48,80,80,17,1,1521118773.2913122
16.246.243.83,47.246.215.83,80,443,6,1,1521118773.2897315
205.216.73.83,16.246.243.83,80,80,6,1,1521118773.2907226
126.246.215.246,44.246.215.169,443,443,6,1,1521118773.2918422
126.246.215.246,205.231.90.64,443,443,6,1,1521118773.289714
205.231.90.64,135.79.69.74,443,80,6,1,1521118773.2918122
237.14.215.69,135.79.69.74,443,80,6,1,1521118773.2904108
194.42.73.48,149.254.243.134,80,80,17,1,1521118773.291192
194.42.73.48,131.42.193.83,80,443,17,1,1521118773.2918122
131.42.193.83,33.42.34.219,443,443,6,1,1521118773.2911265
73.5.73.48,205.42.155.83,443,443,6,1,1521118773.2911806
240.246.243.529,205.216.215.83,443,443,6,1,1521118773.2901099
237.216.215.103,240.246.243.529,443,443,6,1,1521118773.2912438
215.216.73.48,197.216.215.61,80,443,6,1,1521118773.2911806
244.42.73.64,64.225.215.83,443,58986,17,1,1521118773.2917054
237.200.206.48,134.246.215.64,443,443,6,1,1521118773.291673
205.246.243.246,33.246.73.246,80,80,6,1,1521118773.2911196
244.246.212.193,138.216.243.246,80,80,6,1,1521118773.2915447
237.216.243.83,50.91.215.48,80,80,17,1,1521118773.2902062
50.91.215.48,237.216.243.83,80,80,6,1,1521118773.2920685
238.42.243.74,244.246.107.126,80,80,6,1,1521118773.289763
193.224.255.48,33.176.73.47,41412,443,6,1,1521118773.2896233
244.246.107.126,238.42.243.74,80,80,6,1,1521118773.289714
244.246.107.126,33.176.73.47,80,443,6,1,1521118773.291677
207.216.215.64,47.246.171.162,443,80,6,1,1521118773.2914326
140.246.91.83,33.246.243.103,80,80,6,1,1521118773.2902746
34.246.25.177,194.211.215.160,42867,80,6,1,1521118773.291214
194.211.215.160,44.246.243.139,80,443,6,1,1521118773.2911196
207.42.215.246,207.42.73.77,443,80,6,1,1521118773.2909591
244.42.73.48,207.42.215.246,80,443,6,1,1521118773.2919958
244.42.73.48,44.224.215.103,80,443,6,1,1521118773.2911806
218.42.73.48,223.216.73.24,41412,80,6,1,1521118773.2910798
237.246.30.83,194.246.215.83,80,443,6,1,1521118773.290522
116.216.215.107,64.228.73.103,443,80,6,1,1521118773.2906668
116.246.215.108,116.246.107.118,80,42867,6,1,1521118773.2913868
33.225.172.48,116.42.100.24,443,80,6,1,1521118773.2918947
251.161.122.244,116.246.215.64,41412,41412,6,1,1521118773.290583
251.161.122.244,44.246.215.103,41412,42867,6,1,1521118773.291072
194.42.215.48,116.246.215.64,443,41412,6,1,1521118773.2915845
231.45.126.103,44.42.215.48,80,443,6,1,1521118773.2915845
231.246.73.149,126.246.73.103,40835,80,6,1,1521118773.2912405
126.246.73.103,44.246.38.24,80,443,6,1,1521118773.2912352
126.246.73.103,116.246.122.162,80,443,6,2,1521118773.2907443
44.42.215.48,194.42.215.48,443,443,6,2,1521118773.2910907
44.42.215.48,231.45.126.103,443,80,6,1,1521118773.2900345
199.42.99.162,62.246.243.64,443,443,6,1,1521118773.2920337
62.246.243.64,199.216.215.158,443,443,6,1,1521118773.2901852
116.216.215.83,116.61.38.246,443,443,6,1,1521118773.2901769
207.225.215.83,122.5.38.162,40835,50308,6,1,1521118773.2899976
116.246.215.85,207.225.215.83,443,40835,6,1,1521118773.2901063
33.246.161.83,42.216.215.48,80,443,6,1,1521118773.292006
116.192.215.48,64.31.73.97,41412,80,6,1,1521118773.2896898
116.216.215.48,238.42.122.48,80,443,6,1,1521118773.289763
131.224.215.48,116.216.215.48,443,80,6,1,1521118773.2920876
64.31.73.97,116.192.215.48,80,41412,6,1,1521118773.2918892
64.31.73.97,131.224.215.48,80,443,6,1,1521118773.2895033
205.183.243.78,199.216.138.64,443,46680,6,1,1521118773.290152
139.3.38.74,140.42.80.162,80,80,6,1,1521118773.291788
139.3.38.74,116.42.69.83,80,80,6,1,1521118773.2905352
199.335.243.48,13.246.38.59,443,80,17,1,1521118773.2920358
13.246.38.59,139.3.38.74,80,80,17,1,1521118773.2908204
237.246.215.47,116.200.215.171,443,443,6,1,1521118773.291619
116.42.211.83,194.200.17.48,443,80,6,1,1521118773.290289
249.246.73.82,16.216.215.162,80,80,6,1,1521118773.2920444
116.200.215.171,116.42.211.83,443,443,6,1,1521118773.2920308
205.42.215.246,16.225.73.97,80,443,17,1,1521118773.290289
33.246.215.246,124.246.243.97,443,443,6,1,1521118773.29123
116.246.73.114,215.43.161.181,443,80,6,1,1521118773.291673
247.42.167.83,33.225.227.162,443,80,6,1,1521118773.291174
33.200.155.83,33.211.255.74,443,80,6,1,1521118773.2920904
197.225.215.48,116.246.73.114,80,443,6,1,1521118773.2904747
47.246.215.94,116.42.161.48,443,443,6,1,1521118773.291873
33.216.215.83,116.216.215.103,80,443,6,1,1521118773.2908716
215.169.73.83,47.246.215.94,443,443,6,1,1521118773.2911806
152.246.68.103,218.216.243.134,443,443,17,1,1521118773.2903428
198.5.158.246,223.216.243.82,41412,41412,6,1,1521118773.2896175
223.216.243.82,116.216.215.103,41412,443,6,1,1521118773.2911265
218.216.243.134,215.169.73.83,443,443,6,1,1521118773.2918296
116.216.215.103,198.5.158.246,443,41412,6,1,1521118773.29129
116.216.215.103,119.246.243.83,443,50308,6,1,1521118773.2895741
30.246.73.95,44.42.73.83,80,41412,6,1,1521118773.2898993
218.216.184.83,202.225.215.181,443,443,6,1,1521118773.291981
159.246.122.24,93.216.122.83,443,443,6,1,1521118773.2906797
67.246.215.68,30.246.73.95,443,80,6,1,1521118773.2907226
116.42.215.103,251.216.215.99,50308,443,6,1,1521118773.2902746
207.168.215.232,205.43.73.99,443,443,6,1,1521118773.2913895
207.168.215.232,126.211.73.64,443,80,6,1,1521118773.2917178
119.246.73.83,207.168.215.232,443,443,17,1,1521118773.291192
119.246.73.83,116.246.102.103,443,80,6,1,1521118773.290152
33.216.73.69,116.42.215.103,443,50308,6,1,1521118773.2918983
126.211.73.64,33.216.73.69,80,443,6,1,1521118773.291673
116.246.102.103,116.42.215.103,80,50308,6,1,1521118773.2909288
199.216.215.103,16.246.73.48,41412,14446,17,1,1521118773.2904348
116.42.101.99,33.246.215.83,443,443,6,1,1521118773.2914875
205.246.215.34,146.5.215.246,443,80,6,1,1521118773.289914
47.42.31.83,47.42.243.48,443,443,6,1,1521118773.290998
47.42.31.83,116.246.215.48,443,41412,6,2,1521118773.2914307
47.42.243.48,219.246.73.97,443,443,6,1,1521118773.2909105
139.31.243.48,47.42.243.48,41412,443,6,1,1521118773.2910523
205.5.243.114,125.84.215.64,80,42867,6,1,1521118773.291628
205.5.243.114,116.225.243.48,80,41412,6,1,1521118773.2920747
207.216.243.83,116.63.243.48,443,80,6,1,1521118773.2906668
210.42.200.119,16.216.215.97,80,443,6,1,1521118773.290606
33.246.215.246,33.246.248.103,42867,443,6,1,1521118773.290522
237.173.155.83,33.246.215.246,443,42867,6,1,1521118773.290522
237.173.155.83,33.42.243.78,443,443,6,1,1521118773.2909007
16.42.215.241,33.246.248.103,443,443,17,1,1521118773.2916305
146.246.215.48,237.173.155.83,80,443,6,1,1521118773.2912562
33.42.243.78,215.225.155.97,443,80,17,1,1521118773.2910907
116.253.243.134,116.246.243.194,80,443,6,1,1521118773.2898464
116.42.215.64,116.253.243.134,80,80,6,1,1521118773.290152
218.246.73.48,73.177.215.48,443,443,6,1,1521118773.2912562
116.246.17.48,116.246.243.194,80,443,6,1,1521118773.2906597
21.246.173.97,44.216.155.60,80,80,17,1,1521118773.2918422
44.216.155.60,116.246.73.83,80,443,6,1,1521118773.2899272
237.246.215.48,205.246.243.144,8081,80,6,1,1521118773.2901099
237.246.215.48,116.42.215.97,8081,80,6,1,1521118773.291123
116.246.48.48,116.42.215.97,443,80,6,1,1521118773.2902784
33.5.73.83,135.42.215.48,443,80,6,158,1521118773.2916856
218.246.215.48,237.246.215.48,443,8081,6,1,1521118773.2920337
16.216.215.43,205.200.90.107,443,41412,6,2,1521118773.2915366
16.216.215.43,199.137.73.85,443,60032,6,1,1521118773.2918983
7.216.215.83,251.222.243.78,80,80,6,2,1521118773.2911806
218.216.215.24,237.177.215.83,80,80,6,1,1521118773.2902746
237.246.73.83,116.216.215.59,443,80,6,1,1521118773.2900023
237.169.38.83,116.225.90.83,80,443,6,1,1521118773.2903178
205.246.100.99,237.169.38.83,80,80,6,1,1521118773.2900875
119.42.243.48,237.169.38.83,80,80,6,1,1521118773.2920904
116.216.215.83,237.169.38.83,80,80,6,1,1521118773.2900765
33.42.215.139,212.30.73.78,443,443,6,1,1521118773.290456
33.42.215.139,16.222.215.24,443,443,6,1,1521118773.2899177
199.42.155.48,135.41.215.48,41412,443,6,1,1521118773.291214
62.246.73.78,205.42.90.48,80,80,6,1,1521118773.2899756
62.246.73.78,64.246.73.83,80,443,6,1,1521118773.2909956
33.42.161.78,62.246.73.78,443,80,17,1,1521118773.2897003
202.42.90.194,205.42.90.48,80,80,6,1,1521118773.291619
135.41.215.48,116.5.207.48,443,80,17,1,1521118773.2910523
202.169.243.48,237.246.215.205,80,41412,6,1,1521118773.291394
237.246.215.205,130.246.73.103,41412,443,6,1,1521118773.2920444
141.29.69.241,47.246.155.83,443,80,6,1,1521118773.2909434
33.206.69.83,141.29.69.241,443,443,6,1,1521118773.2915862
97.246.243.83,33.206.69.83,443,443,6,1,1521118773.290991
97.246.243.83,215.246.31.64,443,443,6,1,1521118773.2919588
215.246.31.64,205.164.33.134,443,443,6,1,1521118773.290152
16.30.69.246,198.246.215.48,443,80,6,1,1521118773.2899177
193.246.215.64,213.164.243.203,443,80,6,1,1521118773.291615
213.164.243.203,44.225.215.162,80,80,6,1,1521118773.2899976
33.42.54.83,194.246.73.48,443,80,6,1,1521118773.291493
116.3.89.94,112.42.215.48,80,443,6,1,1521118773.291788
44.42.73.97,131.246.73.83,443,443,6,1,1521118773.2899756
131.246.73.83,205.200.215.56,443,443,6,1,1521118773.291526
205.246.243.83,135.246.215.48,443,443,17,1,1521118773.2902062
116.246.215.48,205.246.243.83,443,443,6,1,1521118773.2899632
205.202.155.48,33.246.215.83,443,443,6,1,1521118773.2895663
116.246.73.193,33.246.215.83,443,443,6,1,1521118773.2897046
33.246.215.83,116.30.73.181,443,14446,6,1,1521118773.29129
223.166.215.48,212.246.161.93,40835,80,6,1,1521118773.2914102
212.246.161.93,218.246.215.97,80,443,6,1,1521118773.2913694
205.246.73.149,116.42.215.48,443,443,6,1,1521118773.2906797
116.42.215.48,192.246.73.79,443,443,6,1,1521118773.291288
192.246.73.79,116.42.215.48,443,443,6,1,1521118773.2920482
239.246.215.97,199.195.73.48,41412,443,6,1,1521118773.2920308
199.195.73.48,116.246.73.185,443,80,17,1,1521118773.291137
75.5.73.83,73.246.215.197,443,443,17,1,1521118773.291981
73.246.215.197,75.5.73.83,443,443,6,1,1521118773.2916856
44.42.215.103,50.5.243.160,80,80,6,1,1521118773.2904706
116.246.73.48,238.42.73.97,443,443,6,1,1521118773.2919242
237.246.215.97,116.246.73.48,443,443,6,1,1521118773.2898064
116.1.73.103,116.246.215.85,443,80,6,1,1521118773.2919707
238.42.73.97,116.246.215.85,443,80,6,1,1521118773.2920482
33.42.215.94,16.246.161.64,80,80,17,1,1521118773.29166
116.246.215.48,33.246.243.48,443,443,6,1,1521118773.289914
116.78.122.246,16.246.161.64,443,80,6,1,1521118773.290427
116.78.122.246,198.91.255.246,443,80,6,1,1521118773.2919588
116.246.90.48,218.42.215.83,80,80,17,1,1521118773.2919242
116.41.140.157,33.216.243.107,443,443,6,1,1521118773.291528
199.5.73.48,13.152.73.78,61384,443,6,1,1521118773.29129
199.5.73.48,131.216.215.24,61384,41412,6,1,1521118773.2898464
199.5.73.48,116.246.215.148,61384,80,17,1,1521118773.2919242
116.246.215.148,131.216.215.24,80,41412,6,1,1521118773.2905076
116.246.215.148,116.5.215.83,80,80,6,1,1521118773.2920904
64.5.215.251,237.246.155.83,443,443,17,1,1521118773.2898786
67.246.215.78,64.5.215.251,80,443,6,1,1521118773.29199
67.246.215.78,237.246.155.83,80,443,6,1,1521118773.2919588
237.42.243.64,116.246.73.94,443,443,6,1,1521118773.29199
237.42.243.64,237.43.119.33,443,443,6,1,1521118773.2915447
237.43.119.33,64.5.215.251,443,443,6,1,1521118773.2920337
116.246.31.96,192.246.155.97,443,80,6,1,1521118773.2919242
134.42.215.48,192.246.155.97,80,80,6,1,1521118773.2910628
205.246.243.83,205.246.215.103,443,443,6,1,1521118773.291202
205.246.215.103,244.42.243.194,443,443,6,1,1521118773.2917788
64.42.215.106,244.42.243.194,443,443,17,1,1521118773.2904747
244.42.243.194,205.246.243.83,443,443,6,1,1521118773.2920876
215.42.62.115,244.246.128.48,41412,443,6,1,1521118773.2919369
33.246.243.94,130.63.31.172,80,41412,6,1,1521118773.2911806
244.224.215.33,33.246.243.94,443,80,6,1,1521118773.2907226
210.246.155.78,244.246.215.48,443,443,6,1,1521118773.291673
116.5.155.181,85.211.73.48,41412,80,6,1,1521118773.29205
85.211.73.48,116.5.155.181,80,41412,6,1,1521118773.2906384
116.42.155.74,215.246.215.83,80,80,6,1,1521118773.2907567
215.227.73.48,116.42.194.48,80,54174,6,1,1521118773.2900994
116.246.73.58,205.5.122.83,80,443,6,1,1521118773.291137
207.246.215.83,135.246.215.107,80,14446,6,1,1521118773.2903116
44.222.215.48,64.246.73.103,443,443,6,1,1521118773.29129
199.7.73.97,67.216.243.64,80,80,6,1,1521118773.2915862
202.216.215.107,199.7.73.97,80,80,6,1,1521118773.2918892
202.216.215.107,64.246.73.103,80,443,6,1,1521118773.291192
116.211.55.108,44.222.215.48,80,443,6,1,1521118773.292006
33.200.215.254,116.211.215.83,80,80,6,1,1521118773.2906384
213.5.73.48,116.246.215.83,443,80,17,1,1521118773.2909007
64.246.215.48,135.216.243.83,443,41412,6,1,1521118773.2914875
135.216.243.83,116.246.215.83,41412,443,6,1,1521118773.2915127
116.246.215.246,116.246.243.64,80,443,6,1,1521118773.290456
73.216.73.59,237.0.215.48,80,80,6,1,1521118773.2911265
205.246.90.48,116.246.215.114,443,443,6,1,1521118773.2909715
116.246.215.78,237.200.215.48,443,443,6,1,1521118773.2919161
237.5.130.91,88.246.215.83,443,41412,6,1,1521118773.2904587
202.42.215.97,205.246.90.48,443,443,6,1,1521118773.2913513
202.42.215.97,237.200.215.48,443,443,6,1,1521118773.29199
202.42.215.97,88.246.215.83,443,41412,17,1,1521118773.2898562
33.216.52.48,44.216.243.48,443,80,6,1,1521118773.2897046
116.216.73.103,47.246.243.83,80,443,6,1,1521118773.2914875
116.216.73.103,83.246.215.48,80,80,6,1,1521118773.2919588
237.246.215.48,116.5.215.83,80,443,6,1,1521118773.2919588
199.246.243.24,116.5.215.83,80,443,6,1,1521118773.2913039
116.246.243.162,33.225.73.97,443,80,6,1,1521118773.2897046
205.246.73.139,33.225.73.97,443,80,6,1,1521118773.2910907
64.216.243.83,248.246.155.110,80,443,6,1,1521118773.2918422
199.5.73.103,64.216.243.83,80,80,17,1,1521118773.291493
116.224.73.48,198.246.73.103,50308,443,6,1,1521118773.290522
248.246.155.110,215.79.172.186,443,443,6,1,1521118773.2917054
215.246.161.236,202.5.215.201,443,80,6,1,1521118773.2899082
109.92.73.83,116.5.215.64,80,443,6,1,1521118773.2914987
116.200.215.237,66.225.215.83,443,80,17,1,1521118773.2911577
66.225.215.83,33.30.215.48,80,80,6,1,1521118773.2909434
